{"gXWxx48FC0x5QtVY2OaT2A==":"chafer-2000x1125.jpg","QrH2oJTCwInT91E2CJMhUg==":"abt-990x627.jpg","BDze9UPUbucTRYdmU9noag==":"13.jpg","EDUMgu6NCpdsX66tuwT1nw==":"12.jpg","amCMX0TsTSGdZHYOHRekmw==":"10.jpg","frobLqeCZtSIMtOVnX8mjQ==":"11.jpg","FgfpYAB1TPEKO5Ywymkw6A==":"boom%20section.gif","+/m9PjzEzipPQQKntwGvfQ==":"cleaning%20nozzles-200x217.png","CsQ7YopXCMMYC/mhUdRrLw==":"electronic%20components%20and%20wire.gif","Y4shA4/yS3m7IlSxk8YDog==":"electronic%20controls-204x129.png","ij/WCssPCqb8mQfvuwUOVw==":"flow%20meter,%20pressure.gif","qu49q9GXMNw972GoDN1t0Q==":"filter-116x221.png","ajrFDP4Nyhz7x6C3vXJteA==":"gauges%20and%20levels-3072x2304.jpg","uTqiPZPZOEki7maWTBn+Xw==":"hose_acc-476x320.png","6dT16nKq+2eHpHx+sJ9DwQ==":"weed_wiper_knapsack-190x291.png","djqxLlS4fiOE1bEjtZOZFQ==":"nozzle-366x328.png","w1f5MQMc1TO6tn0cFYRpIQ==":"ball_valve.gif","ia2DhQl6g4CezhTnmJPuQQ==":"pressure%20reg-243x181.png","7t9gECGB6JQ4mxUQQUhmlw==":"nozzle%20bodies-159x173.png","Qnro9bGyiLTEtN6YZ62ofQ==":"ar%20pump-116x120.jpg","3Uzb9ZHK80vsULZQ/PXwLw==":"orings-175x171.png","8FVWvyjhkiHzIaxwnmAUMg==":"pipes_fittings-318x457.png","uxfb6tafScUHJaByANvepA==":"tank_fittings-222x144.png","0o+9OvnWf5M58wbOni4Lfg==":"t_test%20equip-204x115.png","wsplh16BPoK8Fr3SZow2KQ==":"hose_acc-3072x2304.jpg","E3L6Rq9cnysddB4ExvSVHQ==":"nozzle1-3072x2304.jpg","yoOTxLgxM/z9pfc1EE0ulg==":"agritrac-logo-353x128-26-353x128.png","En+fdBv3XimIR+YfdESDZw==":"sprayer%20manufacturers-995x616.jpg","2hE6uZ48HsVRAfRzSXTUYw==":"single-union-ball-valve-294x100.jpg","boAO0TTXsEn4XAo/tnaRsg==":"polmancwika-1094x681.jpg","KU9zJQ4BIT7mGjzAEcjFCg==":"single-union-ball-valve-1-294x100.jpg","GqvAfLnT8AdcnwuYfvUmCQ==":"taps-1094x681.jpg","qtN7eBBDBbsUBHPcHYci7Q==":"pressure%20reg-1094x681.jpg","kGJB798t5gF28yShMHwyMw==":"lids-1094x681.jpg","xE5GGQs/MhzRRvG99kHB+w==":"pumps-1320x702.png","zTz/k58LWsRGTQEp2rk5lw==":"knapsack-1320x702.png","QBidfhRSKfWXS7Ly0z1vbg==":"body%20parts-1320x702.png","qeIkvc7zULWHfOy4HkYrHw==":"gauge-1320x702.png","hIq5spXjU7JdLw7GuCtnOw==":"hose%20fittings-1320x702.png","6rZwqTb5UIE74KKl2+szSQ==":"filers-5820x3368.png","q3NFbfweSd2kF+B04r97+Q==":"electric%20valves-5820x3368.png","1XW46Do24oaSFQL/5+8EoA==":"cleaning%20nozzles-5820x3368.png","CtKIAhArMk8tGn9/15Hf5w==":"electricals-5820x3368.png","T2lOVtYSh8v1n09dhm0DSQ==":"electricals-1-5820x3368.png","XHIwy2mE7XgNRJ/6V4XR1A==":"electricals-2-5820x3368.png","Czj2kRha0OP+YuQuzbmngg==":"controllers-5820x3368.png","vwAYGDpPQXYBa9crTf0jFg==":"gauge-1-1320x702.png","UZraGCNFM1zzNXsenRlJGg==":"nozzles-5820x3368.png","z5WF8U7JJw44++HxsfNgaQ==":"fittings%20cam-5820x3368.png","CN+cnDnqnS6IO+ml4rjG1g==":"test%20kitt-1320x702.png","2PRvdnIN+UVm6sOrPHQgdg==":"test%20kitt-1320x702.png","8ODJvSYY2MSFbmNz96z34Q==":"test%20karr-600x337.png","MIcI2F6m2aaVRujTyg4mew==":"o%20rings%20and%20seals-5820x3368.png","GmbPqL57q7NA25SkXxANrQ==":"o%20rings%20and%20seals-5820x3368.png","VtNpN4C2mEie3xLjfVT82w==":"safety%20equ-5820x3368.png","y0Fon8oDHehXeaYHZypZJQ==":"messuring%20equ-5820x3368.png","cQ42y9CbZHU6ULxUzOi6GQ==":"single-union-ball-valve-2-294x100.jpg","TmtsE7mLK9rZ70FNyHmG+Q==":"controllers-1-5820x3368.png","kGd1cgVn4KhXHZjW9HNOuw==":"controllers-2-5820x3368.png","hBi6izzxK5U/GjUt4VAdQw==":"cleaning%20nozzles-5820x3368.png","PR2gbnpLlE0my4+bfdOkQA==":"cleaning%20nozzles-5820x3368.png","cKdzc71GgcLRlBc4wYzZ1g==":"electric%20valves-5820x3368.png","e9BkuvHEL53MIdQ6b84MTg==":"aa145h%20section%20valve-300x300.jpg","K4HqDcmIXmYao2bmVIxyHw==":"aa144a%202-way%20directovalve-466x466.jpg","HKlbBw36RlntnUhGXnT1QQ==":"section%20valve-393x474.jpg","oZyTeMZdn7GqTYMJM7pusg==":"rotacraft%20logo-268x75.jpg","mHQb2uul7PBkw2o7DB/gNw==":"hypro-logo-1500x462.jpg","YjiHv/4wkmhjiJ16b6E/qA==":"hypro-logo-1-1500x462.jpg","P1F8LmosXvLfS1KR3HyXCg==":"aa144a-1-3%20directovlave-148x300.png","g8QtAdYsrokrMcrfFullgA==":"directo%20valve-1350x616.jpg","ek0vFqaFQXMc2pFqki2HUA==":"directo%20valve-1350x616.jpg","fip2WhTrIlBUqt1Af0cyPA==":"directo%20valve-1350x616.jpg","6aHlvvLYCMI0vdIcd1eC7A==":"directo%20valve-1350x616.jpg","0t18OTvJgljO/q/REQUtQQ==":"directo%20valve-1350x616.jpg","sKPSzcs9hg1tEIN4bN3Drw==":"directo%20valve-1350x616.jpg","hIhaPpuGSPib6QmIsmNW0A==":"directo%20valve%203-187x344.jpg","/VHrYMRddNBsiIhaMzJ6Cw==":"s-300x300.jpg","5k2QQRzzxLIv9zH2lx8Dzw==":"section%20valve-286x314.jpg","GOhBBF1Wm7Q/Su5YsgoUrA==":"section%20valve-300x300.jpg","kLbfOZIK9+6/cLEZWUFgJw==":"teejet%20334b%20r,%20rl-578x463.jpg","0kQk78xh5SpOB8E9F+uFmQ==":"teejet%20334b%20r,%20rl-578x463.jpg","GWZJWocnfqg1LQ3mw1pHLQ==":"geoline%203%20way%20tap-500x500.jpg","wsBzh/D1R75ZHljWzYaPIg==":"geoline%203%20way%20tap-500x500.jpg","32+ksZIsgm5bShQkQHvzIQ==":"manual%20tap%202-way%20geoline-400x400.jpg","1oYGv6JzuVH2mAlyT6CbUA==":"manual%20tap%202-way%20geoline-400x400.jpg","Zdw+Y1OzrG/4Xy/eYG0kzg==":"manual%20tap%202-way%20geoline-400x400.jpg","8pYvXtOJpaOS0s3LP90Lxg==":"manual%20tap%202-way%20geoline-2365x2365.jpg","76Ooe2CQ4bNGYChPPSXxjQ==":"teejet%20manual%20ball%20valves-1920x1080.png","f/6grOqfYlwlrxrNi47bVA==":"banjo%20manual%20taps-1000x1000.png","6aAAZjrezmAVXacWAlIZIQ==":"banjo%20manual%20taps-1000x1000.png","Jw07dVZBOprMFRN+Osdq1A==":"banjo%20manual%20taps-1000x1000.png","I0gtDuasKwXft/rVSvp6UQ==":"safi%20manual%20taps-1094x681.jpg","4eULjzROrsCUr6YnmutY+w==":"altek%20manual%20taps-1000x1000.png","tz5NOL6BmRquNtyIiK/E7Q==":"altek%20manual%20taps-1000x1000.png","I3UylK756HM83RgIp14cFw==":"altek%20manual%20taps-1000x1000.png","X/NMnJB5U6NXdSBuOk6HHg==":"altek%20manual%20taps-1000x1000.png","GEL7HO7gbfIwopTGWuvdww==":"arag%20manual%20ball%20valve-1000x1000.png","SXOdrAFg4vf5UiG7MozMkA==":"arag%20manual%20ball%20valve-1000x1000.png","5V5+0oohmN3NwJ3YkyVasg==":"altek%20manual%20taps-1000x1000.png","lRGeNQjpN7hn8Po+8gMKag==":"hardi%20manual%20taps-2365x2365.jpg","xkMFr74TZdlZ9FV+wI9mvg==":"agritrac-logo-353x128-27-353x128.png","Dol9YnbgWo4cWPwXxrveSA==":"bertolini.gif","uUU5YSGpZ3jwtVz5OSUXlw==":"bertolini-1.gif","8WHq1/VvX6J9bIckc9hODA==":"ar%20pumps.gif","MnLDU4YMLS/+n1eoKIFxYA==":"ar%20pumps.gif","gYrn8BiTqP1U4O8RamS36g==":"bertolini-2.gif","RjPiPFHsz00cvviPi+nUkg==":"comet.gif","74/PWTNMUTpTeAAlsqtc2w==":"hardi.gif","6QbRvEEZN4KRfD6PQKcOaw==":"download-216x220.png","Y1mjVVzFw5CGiNrMqhlxjg==":"bert%20pump-225x225.png","JmZPlFVJ//qkRfUkLgK6JA==":"hardi%20logo-243x168.png","nWOU1Tehzohosy7jAaJkhw==":"comet-365x138.png","XryChc9dMNNK8qMei9K39w==":"udor.gif","tuUNrDyz/uJiRhQ2ZZShzw==":"ip%20pump-248x288.png","RJJFO3YN9deWuBbx/+rLDg==":"hypro-logo-2-1500x462.jpg","yCwR+xKK1X7N0hYOjIYKKQ==":"geoline%202%20way%20tap-400x400.jpg","2UWsfLOSGcgvevbsC62Bwg==":"teejet%203'8%20and%201'2-147x161.jpg","2Q8Q1209RKNc4FbWMHMnug==":"teejet%203'8%20and%201'2-200x200.jpg","N+n76fSWggzNogV2ehqrbQ==":"teejet%203'8%20and%201'2-250x250.jpg","r6TLkR9ixVRTqytsrl/fNg==":"teejet%203'4%20and%201'-250x250.jpg","xtyVeLW17eghqS5PxRsu9Q==":"teejet%201%201'4%20and%201%201'2-250x250.jpg","Q0rr1FktawSYopm0FR832A==":"teejet%203%20way%201-250x250.jpg","vhduKLvbHcC1XF8zSKv4og==":"teejet%203-way%202-250x250.jpg","Nnu6RBF82VFv5+bmPZRvuA==":"teejet%203-way%203-250x250.jpg","pobkxm7uVbWZs6CnfMOwSA==":"teejet-161x312.jpg","02I5UpMmfY6Jo51XPZNLkA==":"arag%20suction-107x199.jpg","m3k61W/eoRYzox9bXqv/Hw==":"teejet-440x330.jpg","+FAZLxYr+tLHpzSEKIq6IQ==":"arag%201-130x200.jpg","r2stQBADBiYAoW0CzsEuJw==":"arag%202-122x199.jpg","0+L0rZI7KAsObcQYqNXaJQ==":"teejet-330x330.jpg","NlSJxjyubFYlPwOqlHm8iQ==":"arag%201-200x200.jpg","2DrIZbYx2PXJNSqDZxHvBg==":"arag%202-200x200.jpg","ZX56u3Avs0KF6F21q8qfyQ==":"arag%20suction-200x200.jpg","73pDiuZhZOek+Q4hfFeAYg==":"arag%203-1200x1200.jpg","dl89/43GEM7z62n9UP3n7A==":"arag%202%20long-153x284.jpg","aEgXBQhxGXL9q9I1wQZsdQ==":"arag%202%20long-300x300.jpg","4mhLE7c6pjThjroDhQ0gSg==":"proclean%20plus%20static%20blade-250x250.jpg","qNA5RhPYk6EgvjupcX26Gg==":"proclean%20push%20valve-230x230.jpg","wCHytvfjWUwFJxKkFPKUmw==":"proclean%20push%20valve-230x230.jpg","MzYeAEFC5IhDu55S6kOlTg==":"proclean%20rotating%20container%20nozzle-230x230.jpg","a+UnMVuRtLLHXk/R/NpgeA==":"rotacraft%20container%20nozzle-820x820.jpg","5MH3UiF+2nlT4rEeuwdkiQ==":"rotacraft%20tank%20cleaner-270x270.jpg","ibLGaUevslhakwWNAeOxAA==":"induction%20hopper%20ss-1000x1000.jpg","+ENOJN0EchQ+xfP7TRND+g==":"rotacraft%20tank%20washer-400x400.jpg","NExzHbxMhFAYEj9NXXv6wg==":"proclean%20push%20valve-230x230.jpg","uGwq7tWw2mLtdJ7adlF99A==":"induction%20hopper%20ss-1200x900.jpg","fHiK8wMGUI+PFcYag8kmaQ==":"place%20holder-300x300.jpg","0IxSgW0Dwh8oBZ6qChqo4Q==":"place%20holder-300x300.jpg","sd6j7INx36DID/mj3kwnDg==":"background8.jpg","cvTGV8eXRjRR57lGjMVYEQ==":"arag%20filters-1000x1183.jpg","HIlSMl+2ZH2l2QzEPCG1ZA==":"arag%20filters-1000x1000.jpg","dkEb6M4gU2SJOc5lU90TnA==":"teejet%20filters-1000x1000.jpg","ozmJpwGMLMMIvV8U/fIWwA==":"teejet%20filters-1000x1000.jpg","ccfhKrfDjZRqwLpNVgtdQw==":"geoline%20filters-1000x1000.jpg","s5De1rCtc4EOd6IuslOBfQ==":"hardi%20filters-5000x5000.jpg","+m5p+u+nlwl1McyhIxwRaA==":"banjo%20filters-3000x3000.jpg","JSfdinMhDtug97V+wOXeQQ==":"arag%20filters-1000x1000.jpg","dXJj/Nr4YkzGW0wEpmgVzg==":"teejet%20filters-3000x3000.jpg","3ZdAWYphJKq96b97IVdNsg==":"hardi%20filters-5000x5000.jpg","9wX0+cyraCxBebygllICmQ==":"arag%20filters-1000x1000.jpg","tzA0Ro8K06u0yZlo2e1wgw==":"safi%20logo-3000x3000.jpg","zihdPQ8TNVPk4gUZABX4jw==":"altek%20logo-2000x2000.jpg","IKsuFMszlSD5W4BrUpG3rA==":"teejet%20filters-3000x3000.jpg","a8bAKfQF/n2F1RuEdJgnnw==":"banjo%20filters-3000x3000.jpg","hOM/YCMV8HEBOfafmZYfeg==":"geoline%20filters-1000x1000.jpg","U9SlIAmcUzx4PRJFOuqNuA==":"altek%20logo-2000x2000.jpg","UODKh9Rv60W/RhO661O5sg==":"arag%20filters-1000x1000.jpg","LOUSgYVGNA60vOs9yfAt9w==":"teejet%20filters-3000x3000.jpg","lKkZpVqApP0jjprlf63TOw==":"teejet%20filters-3000x3000.jpg","mEkmalOyFPx/J09WpFx3Ag==":"arag%20filters-1000x1000.jpg","rIDPhE+KATdinh9tAj3iBw==":"hardi%20filters-5000x5000.jpg","/dJ21stsN4IST/z2itrJ4g==":"ramsey%20logo-2000x2000.jpg","ywz65V9h8qHNLF2WuElpaw==":"ar%20pump%20logo-2000x2000.jpg","B7GH/1GMgJkgCcEXwdi6DA==":"comet%20pump-5000x5000.jpg","pN1eiraBm8POlXlvqSxXbw==":"hardi%20filters-5000x5000.jpg","ZPGkmR5gqWr6QWtgHcHv5g==":"bertolini%20pump-5000x5000.jpg","0n3LjObHQw9z7RLe/WsOMg==":"udor%20pump-2000x2000.jpg","YGy3qWkBc4znAYyuhDwCFA==":"pacer%20logo-2000x2000.jpg","qTCEzqXwLsnNq79M4FqQGQ==":"sureflo%20logo-2000x2000.jpg","iMMg74bTYhpYRJziSYifKw==":"battioni%20logo-5000x5000.jpg","2KeyVrj0lbKwOOCGnxPW6A==":"battioni%20vacuum%20pump-2000x2000.jpg","DAxhOZf34H7kwOqQ9JVbFw==":"battioni%20vacuum%20pump-2000x2000.jpg","oL+LNSuB/zJevvxf/T6Fxw==":"battioni%20vacuum%20pump-2000x2000.jpg","J86XCOJrZd9qH4IYiPq/zg==":"battioni%20vacuum%20pump%20large-2000x2000.jpg","wE58lQ5aGGOJshMVgxe5gg==":"battioni%20vacuum%20pump%20large-2000x2000.jpg","nubieRzVxu+6A7lbSGdRYA==":"battioni%20vacuum%20pump%20large-2000x2000.jpg","779ofi4/rs1n+dKq34UIcA==":"battioni%20vacuum%20pump%20large-1000x1000.jpg","UsuszpoSjoxo3e76AfPDrQ==":"battioni%20vacuum%20pump%20large-1000x1000.jpg","dCTYrK9ddVcpqX2JLGD6jQ==":"battioni%20vacuum%20pump-500x500.jpg","d4ZdrfLTROePE34yzytWKQ==":"altek%20logo-2000x2000.jpg","2bfeN4o/46twLCPMvDEKkg==":"hypro-logo-3000x3000.jpg","T/6Je9zR6osbhHUfQUFgXw==":"ace%20pumps%20logo-3000x3000.jpg","EkjnpAF0DWoQXJJNZko+CQ==":"flojet%20logo-3000x3000.jpg","rTDWIutRc9/0RCQjLUMgfg==":"poly2260-652x899.png","e0cQQowJcTZ0xvc/bL3mCg==":"bertolini%20poly%202180-1000x1000.jpg","9rDkgsMtXWeoQLRh0NQ5uw==":"bertolini%20poly%202210-1000x1000.jpg","4700qikJvWFh6bE4oY43yQ==":"bertolini%20poly%202260%20%202300-1000x1000.jpg","Hon0dweTHboGsOOgVeCheA==":"bertolini%20poly%202260%20%202300-1000x1000.jpg","WNn7WeISlyXb7b3IemJTxA==":"bertolini%20poly%202073-1000x1000.jpg","iLbSJwfGC2JB5nFqdctyqg==":"bertolni-2000x2000.jpg","j0CJ6frXuLToJehSKxBXLQ==":"bert%20hyd-500x500.jpg","bH24d/e43APVF/ZovsvRWg==":"bertolini%20pto%20guard-157x147.jpg","SBGUgYO1xy/5n6/beOOr9Q==":"imovilli%20pompe-3500x3500.jpg","C4NhjCEZYpZc2y/K94FPqQ==":"imovilli%20pompe-1000x1000.jpg","6yYjxFUu+ldsQLFsq+4SEA==":"ar%20370-1000x1000.jpg","vT07kwz67W12eEat7RaUxw==":"ar%2070-1000x1000.jpg","CQJeAQZm1TgZlshGJ8572g==":"ar%20115-1000x1000.jpg","I55t8lPH8c9DtEkI1bu8Eg==":"ar%20135-1000x1000.jpg","9/vFj7+u1N7Ooj7GOQqV+g==":"ar%20160-1000x1000.jpg","FQp3VGB1ZnEJE/MNe4Khkw==":"ar%20250-1000x1000.jpg","hQd/nLKVr6kzf5fG/GNFiw==":"ar%20280-1000x1000.jpg","3UrBYgix5e27EV/8KIRCWg==":"comet%20bp%2060-1000x1000.jpg","pCT79dSQBtTDj2HcBRAMPQ==":"comet%20bp%20105-1000x1000.jpg","NSzAnbeIBl7j+BQShI4Rgw==":"comet%20bp%20151-1000x1000.jpg","szWyywxcp+KFr+LJGCosuQ==":"comet%20bp%20205-1000x1000.jpg","jnLbkMGfeWp74JrfI08Q2A==":"comet%20bp%20280-1000x1000.jpg","dg/Bt7kUQcFbMAdeLE6Tcw==":"hardi%201203-1000x1000.jpg","vPrBeQOzMBKUsXzmjB2/ew==":"hardi%201303-1000x1000.jpg","IqchJaiQMwRE9eFrm9yO7g==":"hardi%20363-1000x1000.jpg","M2yKZfM9Dq1CQ47wwoP/hg==":"hardi%20463-1000x1000.jpg","cw11cMkgaY8PeXRbO3/eiQ==":"hardi%20de-icer%20hot%20liquid%20pump-1000x1000.jpg","MVOxMD8hpLX1ctDEr3RLsw==":"renson%20logo-500x500.jpg","hLWjfX33ZydaHL9czFF4VQ==":"renson%20logo-200x200.jpg","XQTlbLUzV6j8r2rOlM/4mA==":"altek%20p70-1000x1000.jpg","y6lCLXF1drGmaTPnfX08sQ==":"altek%20p100-1000x1000.jpg","uLcNX52CUQqeziPqEgsRdA==":"altek%20p70-1000x1000.jpg","vwilaIU6Tazmm/bLJrcgBA==":"altek%20p100-1000x1000.jpg","8EN+quFNk8P94+QqoXQHwA==":"altek%20p120-1000x1000.jpg","Cmq8b7LiDWJb1bfr23hDTQ==":"altek%20p150-1000x1000.jpg","UTZcvy0S/f/ESUdfrJ2FSA==":"altek%20p200-1000x1000.jpg","cLMSZdTILaWZ1rIDq5CLGA==":"altek%20p260-1000x1000.jpg","jlgD87TRoq4gZORxu7/Vmg==":"ace%20fmc%2075-500x500.jpg","HCuh97bLeuzp2cos/Ej/dg==":"ace%20fmc%20150-500x500.jpg","jLDy11YtbO8pl/xjpXHcWw==":"ace%20fmc%20855f-700x700.jpg","dBzGabuCo3JsVSUsdsxtnA==":"ace%20fmc%20hyd-500x500.jpg","sGsDJPi43k1VUCd/Bd5ZlA==":"flojet%20quad%204000-1500x1500.jpg","rNZ18jnv+4znpndkA+AwTw==":"hypro%20roller%20vane%207560-1500x1500.jpg","RoSojg5zaTUqoseJhjR3Uw==":"shurflo%203%20gpm-1500x1500.jpg","bqx1XSOMvg+fhMS84o9Djw==":"udor%20zeta%20120-500x500.jpg","5yAm9JBe57uA3kzzrEQHXQ==":"udor%20zeta%20200-500x500.jpg","X1akM04eLYkHY0LDFCdBKQ==":"udor%20zeta%20260-500x500.jpg","6vMQpuf5MTmnRsT3OnFPug==":"hypro%20roller%20vane%204101-1000x1000.jpg","MHGlOJhrNwSyVIQw44T2Zw==":"hypro%20roller%20vane%201700-1000x1000.jpg","aPA3OiU3AQ6KlMQ3YYoaeA==":"hypro%20roller%20vane%201500-1000x1000.jpg","Ry7E7GOkoB5D48J0d5EXaA==":"renson%20self-priming%20-700x700.jpg","alXMb0c4Vx20SraTy6U31Q==":"renson%20non-priming-700x700.jpg","a+qEmvcY7xrStsyRqxG5bA==":"ip%20d245s-700x700.jpg","0zaaztvVblx0GYSKinAxNA==":"renson%20logo-500x500.jpg","XFHuVK0LohjyPffJ1L6fSw==":"renson%20logo-500x500.jpg","wjp9pGw6StAW9AcKiXQMzg==":"ip%20d274-500x500.jpg","9bC2aEgUSzaBE9dOwHb+PQ==":"ip%20d335-500x500.jpg","kXPuIFqfMdQqRVOhVZQLeA==":"ip%20d406-500x500.jpg","CAfW/la47co5OmATkpUi+A==":"ip%20d245s-700x700.jpg","u5UC78OdREsUTDK6ahQhMQ==":"hypro%209037-250x250.jpg","zg9sa5LKV2tDi6pI9qve7Q==":"hypro%209300-300x300.jpg","OCefByYC1k3GplAHyJ7tQA==":"pacer%20s-series%20self-priming-350x350.jpg","nWkyl48YKkfrRI4mRqcj5w==":"pacer%20s-series-250x250.jpg","HoIrfV/p7rpqgVqyDYVV8Q==":"hardi%20logo-5000x5000.jpg","xHhO+IdbEIu85Mm8hQD2bg==":"tecnoma%20logo-300x300.jpg","3unvLrx23hcsk7vMIF1GIg==":"moteska%20logo-250x250.jpg","IXhLCagImNOGsKcE0WVRHA==":"househam%20logo-300x300.jpg","zqZbY5Mav/0AM9wMOCuhsw==":"knight%20logo-250x250.jpg","Hh6YWc7SdDVEoZXK0WtdbA==":"allman%20logo-500x500.jpg","/rpyOBqfpZ9PoqJFyQZp3A==":"lely%20logo-250x250.jpg","VFqnsKyjz8Ilw0lxIoJczQ==":"johndeere%20logo-300x300.jpg","RAyygeg3/smjDfuzRrkiQA==":"team%20sprayers%20logo-250x250.jpg","vU5oYo04sRucyY8UfTJmBw==":"bateman%20logo-300x300.jpg","Dg+wSulzNiCkaOwLtjY3zg==":"berthoud%20logo-250x250.jpg","/IkxFKLnNT6ac78ej3jS6w==":"vicon%20logo-250x250.jpg","qoA16V9LiDTQkqISHMMyXA==":"lemken%20logo-300x300.jpg","RTw6KOHY+5cnYEa/ah2Njg==":"farmgem%20logo-500x500.jpg","WVl0rV1F0TBB5/Cl7Tdi+A==":"sands%20agricultural%20machinery%20logo-250x250.jpg","ftUALoRKkp2lhd2weSyJ1A==":"tecnoma%20logo-8000x4603.jpg","pTxGX0ce1fR72yEDBSH3bA==":"househam%20logo-8000x4603.jpg","fDtaAow80bckCvxn0r6DOA==":"hardi%20de-icer%20hot%20liquid%20pump%20ice%20cold%20pump-1000x1000.jpg","QxGR/1SpRR+UVnJSHfysyw==":"comet%20bp%20281-1350x616.jpg","NPB0I44zEAmyDjVJ4MdssQ==":"bertolini%202073%20parts%20diagram-5000x5000.jpg","VQ5RWcgUqvK373WrKMoa+A==":"bertolini%202073%20parts%20diagram-5000x5000.jpg","A2+VOQ8P054ZtdAu/Z3VCQ==":"bertolini%202073%20parts%20diagram-1000x1000.jpg","pmurDybr15hRXuPXQrwLxQ==":"bertolini%202073%20parts%20diagram-1000x1000.jpg","twV5vFTXlh0wfJCYDaBroQ==":"bertolini%202073%20parts%20diagram-1000x1000.jpg","AP8OJptFYlsbiUv79kZ2sQ==":"bertolini%202180%20parts%20diagram-814x668.jpg","DP3mkouEbnqAGO0KfJOaxQ==":"bertolini%202180%20parts%20diagram-814x800.jpg","O0g9k/v8IVBLg89Su0n1uw==":"bertolini%202180%20parts%20diagram-814x800.jpg","Nj7XHcqfgxXHGD1UFqS7Yw==":"hardi%201203%20spare%20parts-1700x2200.jpg","owemeW7i00HTFvVTej1wmg==":"hardi%201203%20spare%20parts-5000x5000.jpg","/X3LxDUklc3kBXJ/vqxQDA==":"hardi%201203%20spare%20parts-5000x5000.jpg","ZhsKVTZ2u0h+ZVLDubAlxA==":"hardi%201203%20spare%20parts-5000x5000.jpg","hspMyFY2GSwKtgUfU5DtXQ==":"hardi%201303%20spare%20parts-2500x2500.jpg","I7MDEre5mOLgjg1OLCtYCA==":"hardi%20363%20spare%20parts-2500x2500.jpg","A13rLrVgClrh1L642r1dmA==":"hardi%20463%20spare%20parts-2500x2500.jpg","D57A8xIJCuXK7R4WPsUHkw==":"bertolini%202073%20parts%20diagram-2500x2500.jpg","2fv6/VclR6Yk2hQecCjO1A==":"bertolini%202180%20parts%20diagram-2500x2500.jpg","6NQR2MM3gKzsFPr8whNS0Q==":"bertolini%202210%20spare%20parts-2500x2500.jpg","l+A9Ll8fh+C7423x7J37KQ==":"bertolini%202260%20spare%20parts-2500x2500.jpg","K8teMCyWDDf48dkAIv743w==":"bertolini%202300%20spare%20parts-2500x2500.jpg","SgfHmtqyKbMqE8v45uLhyw==":"bertolini%202400%20spare%20parts-5000x5000.jpg","DGN3pVEk+SRGVJoKbmYxPQ==":"comet%20bp%2060%20spare%20parts-2500x2500.jpg","ZaU9hMfFqExjqQ5TmJXZtg==":"comet%20bp%20105%20spare%20parts-2500x2500.jpg","aqwduaSdDjEWvEOal8kr4Q==":"comet%20bp%20105%20spare%20parts-2500x2500.jpg","aIyaay1UcM7dhymtrQ4b/Q==":"comet%20bp%20151%20spare%20parts-2500x2500.jpg","Vc8kPkK0+B1XWlLA4UeukA==":"comet%20bp%20205%20spare%20parts-2500x2500.jpg","P2xGQoOBneRt+7NmYFr71Q==":"comet%20bp%20281%20spare%20parts-2500x2500.jpg","AKtqZZbtS8MCxcvDxaljkg==":"udor%20120%20spare%20parts-2500x2500.jpg","+L3Duu75358owCqCcrQaeg==":"udor%20200%20spare%20parts-2500x2500.jpg","HQCD+WTQt1BXdcddnAWjSQ==":"udor%20260%20spare%20parts-2500x2500.jpg","8mEw3xd/d82rJ6zVjGA9wQ==":"ip%20d245s%20spare%20parts-2500x2500.jpg","PKIThUpCg5cnyI35ihxLiw==":"ip%20d335%20spare%20parts-2500x2500.jpg","ruJINhbLuhPUNZOhG+UQQQ==":"ip%20d335%20spare%20parts-2500x2500.jpg","CqC7qHd5rPBMNmpwuERhEA==":"ip%20d406%20spare%20parts-2500x2500.jpg","Zk1HAAs1bXB2owHp+y/Nyg==":"ar70%20spare%20parts-2500x2500.jpg","bgLumyjgDcoEHq8Duid/ng==":"ar115%20spare%20parts-2500x2500.jpg","ojMDguFDm7A+SH6GB96WKg==":"ar115%20spare%20parts-2500x2500.jpg","Me8/0nWn69ar87B1v+SvNw==":"ar160%20spare%20parts-2500x2500.jpg","OvmWzZcU2M9PT63ekxDiVA==":"ar215%20spare%20parts-2500x2500.jpg","q4faZNCGs0Qty0Dl2cVsLw==":"ar215%20spare%20parts-2500x2500.jpg","iZOcjpk2B76HR5gsq2/IBQ==":"ar370%20spare%20parts-2500x2500.jpg","tNIVGvCqZtBjr+SgwjfH2Q==":"hardi%20hot%20liquid%20pump%20diagram-2000x2000.jpg","PJixJBWJVhshP2BzTAiUZA==":"hardi%20hot%20liquid%20pump%20diagram-2000x2000.jpg","cA+5YvZwzOdlIIoRilsZUg==":"ace%20fmc%20750f-1000x1000.jpg","IfOj5af5bsZuAGUoEMIxPw==":"ace%20fmc%20750f-1000x1000.jpg","hDi6lAuIq5IwSjVP0vUnyg==":"defy%203d%20nozzle-2000x2000.jpg","cSR4sjCwklTozTkX05hlKw==":"guardian%20air%20nozzle-1000x1000.jpg","uJl7hW2/mMX6i071JGH0hQ==":"hardi%20hot%20liquid%20pump%20diagram-2000x2000.jpg","9fbVo/Uy8q791OopVSZ9zw==":"ace%20fmc%2075%20diagram-1088x720.jpg","8J33AyVtH3v+OtKCZuzQiQ==":"ace%20fmc%2075%20diagram-1088x1000.jpg","GIZXJBnBpDEDWXTTKoYXxg==":"ace%20fmc%2075%20diagram-1088x1000.jpg","ClGL8PzBPuMuPcw7XQDWWA==":"ace%20fmc%2075%20diagram-1088x1000.jpg","jBPniAcaC5hiTFRpxRpPLw==":"ace%20fmc%2075%20diagram-1088x1000.jpg","uTirx/mhzcVN9CqrPPjrsw==":"ace%20fmc%20850f%20diagram-1604x1500.jpg","1I1QkXKVp+HWwq6nG9WjDA==":"hardi%20hot%20liquid%20pump%20diagram-2000x2000.jpg","GPlsGITJ64MvJuDf3ImFFQ==":"battioni%20mec%20500065008000%20diagram-1000x1100.jpg","sghPno8hwkqRyOtkkxIxhA==":"battioni%20mec%20500065008000%20diagram-1000x1100.jpg","1edjYmXmTsQ1S9vdsDKq+A==":"battioni%20mec%20500065008000%20diagram-1000x1100.jpg","pfUAvqkx1i7oRJu3cwxxCA==":"hypro%209300%20diagram-1500x1500.jpg","9iNFC+4SS1PO9GUPAOxgzg==":"hypro%209300%20diagram-1500x1500.jpg","Cs8MzwGiARebCAYDnH7Sgg==":"hypro%209307%20diagram-1500x1500.jpg","isKqerII9SbdgUXn6aZp9g==":"battioni%20900011000%20diagram-1200x1200.jpg","/XX1Dz0l1MS0lMwgRjYq+w==":"battioni%20900011000%20diagram-1200x1200.jpg","qvaJaqU1kh7zpH+Vkefmxg==":"ace%20150f%20parts-1200x1200.jpg","dqaC3DXXVtma58ivoO2VkA==":"ace%20150f%20parts-1200x1200.jpg","fYckaTtb7nBJ9Du+XFBMBw==":"ace%20750f%20diagram-1700x1700.jpg","9oCjRcMJAu2iV5a7Ilj4Tg==":"ace%20750f%20diagram-1700x1700.jpg","ZAyL8mzTN85bpGqj6zE4lQ==":"ip%20274%20diagram-1500x1500.jpg","wc1GmbiQAS+E3PIpALcfpA==":"renson%20pump-1000x1000.jpg","7u1X/FB8aFp4Eote0pkkxA==":"renson%20pump-1000x1000.jpg","TEa5dJQHRXpOiWkRyYB+7w==":"renson%20pump-1000x1000.jpg","R4pcRebH2V/21e3yvPrT8Q==":"renson%20aa35pf%20diagram-1000x1000.jpg","SdlY3AWu/p6Zc1YQnJqxPw==":"renson%20aa35pfg%20diagram-1000x1000.jpg","pePgu0sJphc7rHzfMD4kZg==":"renson%20aa55pf%20diagram-1000x1000.jpg","SZAHW3WwMTIvCsK15KyU1w==":"flojet%20pump%20diagram-1463x1000.jpg","Rh+mKUh6Ouu7M94QGzovAw==":"flojet%20pump%20diagram-1463x1000.jpg","mViee4Co5q3u+FNYOZk7VA==":"flojet%20pump%20diagram-1463x1000.jpg","4qNAvt4rkqGtCVSfwIqIBw==":"hypro%209300-1463x1000.jpg","HtMpfBdWBeWhFsskpd+Itw==":"hypro%209307-1463x1000.jpg","pJ78JunVLfmB123KVGJBQQ==":"hoses-2000x2000.jpg","6ErBjMbi/L8UjfWwWfDANw==":"hoses%20clips-5000x5000.jpg","d+GDXhKWlPMrdUOaDITVPw==":"hoses%20clips-2000x2000.jpg","C7viKnn5yPgUKwrhcTIC9Q==":"hoses%20clips-2000x2000.jpg","Jv01YB+1eqbeLlF/TeVtlg==":"hoses%20clips%20non-stainless-1800x1675.jpg","u252a9ZEyWllN7csausq1Q==":"hoses%20clips%20non-stainless-1800x1675.jpg","PA4wumldvV6tfFwb6To4Zg==":"hoses%20clips%20non-stainless-1800x1675.jpg","N43Bt9YOerulNDTGbh681A==":"hoses%20clips%20non-stainless-1800x1675.jpg","tyOz5SgphNIXOgh5Vsv+ig==":"hoses%20clips%20non-stainless-1800x1675.jpg","puar4aiFW+qlIA/DRTvIhQ==":"hoses%20clips%20non-stainless-1800x1675.jpg","VwSH0UBjLZ2wE6zAtykUJA==":"hoses%20clips%20non-stainless-1800x1675.jpg","IiOGMNZrrPm2iD1v+jWSWg==":"hoses%20clips%20non-stainless-1800x1675.jpg","DUn0F7kGZGDULilEQj3fEg==":"hoses%20clips%20non-stainless-1800x1675.jpg","1xILC5CtNhGrvCGzEDvGRw==":"hoses%20clips%20stainless-1500x1503.jpg","o3qcokmfUynQTZkWRpxfOA==":"hardi%20logo-5000x5000.jpg","NLyiwJwGErnSRH8z0saPvw==":"hypro%20logo-3000x3000.jpg","HiTxpG1B1mjrU1EBfZ47Qg==":"hardi%20red%20tank%20lid-2000x2000.jpg","KcEMJ2Nx5rwlzvmFGeH83w==":"hinged%20lids%20with%20duralok%E2%84%A2%20closure-700x700.jpg","aphnHMYxAw9RBDjqz/QS6A==":"lid%20and%20ring%20with%20duralok%E2%84%A2%20closure%20-850x850.jpg","WmNNn4+RfGdy1H5PzjtnFw==":"gaskets%20for%20tank%20lids-550x550.jpg","jflKpmUVB+elspSDCwHCcA==":"teejet%20filters-3000x3000.jpg","D/AFL4DTv6TckCGnUHpLGg==":"rds%20logo-1000x1000.jpg","+j04JSKERpQGEhViQcsOWQ==":"hardi%20logo-5000x5000.jpg","wocWvKBnlyPul/cNMOnPBA==":"hypro%20logo-3000x3000.jpg","r+I3zmAS0z/pbB30Q1QecA==":"teejet%20filters-3000x3000.jpg","ZxoduulxdmOdQyeKn9jIsA==":"bfs%20logo-1000x1000.jpg","Q5q0CqBQ0yfH65YmdTE/GA==":"agroco%20logo-500x500.jpg","TSchl8k691UdNXIVQnzmNw==":"wika%20logo-1300x1300.jpg","8TxVvzh7NtyJTJuwPoUVRg==":"berthoud%20logo-250x250.jpg","A1ZneUaRYYF7oF3ZE0v40A==":"berthoud%20logo-1500x1500.jpg","ZMTgMi8xAGbTCNySW0UJdQ==":"chapin%20logo-1500x1500.jpg","4V5N/yL2UHnKjlaDWkeruA==":"arag%20logo-1000x1000.jpg","YDFFlzjJTQNJOd+SYGcKcQ==":"hardi%20logo-5000x5000.jpg","8QH9Jva+2mHGkzJ5F+JDIA==":"teejet%20filters-3000x3000.jpg","0toFyFmt+SwBJ1lNI9v4ng==":"moteska%20logo-250x250.jpg","IrfgSVohjOBUbMfEN0FRnA==":"geoline%20logo-1000x1000.jpg","zbFqMmuzYakrn1hSxS70PA==":"hypro%20logo-3000x3000.jpg","J2rxK9e8MoF8JQre+ZGq7g==":"lechler%20logo-2500x2500.jpg","82dtvyKD+9xMpdkfADw5/Q==":"tecnoma%20logo-8000x4603.jpg","vXMc8AWteYCZtEXRgMDANQ==":"jar-met%20logo-1000x1000.jpg","942khhHjwe5FDaBpi/Uv+g==":"chafer%20logo-1000x1000.jpg","d9St2yPGAT73jxpL+6Hchg==":"polmac%20logo-1000x1000.jpg","YZgSgyo1ntfHX1KjhO4fBw==":"wika%20logo-1300x1300.jpg","kK+CyHJus/hcVt+5Z0+ODA==":"polmac%20logo-1000x1000.jpg","kGOXWNWD0tykQw2hhdy+fw==":"durite%20logo-1000x1000.jpg","BekXOyGUfqU3RGe7+N914A==":"merlett%20superchemi-750x750.jpg","cGbz+od3/+70tkQPFba6kQ==":"merlett%20superchemi-750x750.jpg","SRVUnMYI5+T37OnqXGpWoA==":"merlett%20superchemi-750x750.jpg","6OQzpY4yImp+A/nqDxY3pQ==":"merlett%20arizona%20superelastic-1000x1000.jpg","Rh+f/I1JILIHFRF/SWE4+Q==":"merlett%20arizona%20superelastic-1000x1000.jpg","zLaceW+cyrKHgWuwRIreCA==":"merlett%20arizona%20superelastic-1000x1000.jpg","bAmewbt3932/xLVgado3Fg==":"merlett%20arizona%20superelastic-1000x1000.jpg","UP4kwo3eVq0i51upeC/lIg==":"merlett%20oregon%20pu-500x500.jpg","GgioA0c4uR56q1qVsOV3Aw==":"merlett%20oregon%20pu%20anti-static-601x550.jpg","U4mDpLui//m3NWB10KwxEw==":"mbr-1620x1080.jpg","PoTDi4S3Ifg5Pxu/OXIbPA==":"altek%20diagram-1150x861.jpg","mAXnoPApKohvNZdYSJN/ng==":"pony%20flow%204-1500x1500.jpg","ALPQsQsoqHUI1eEf69v71Q==":"flow%20meter-500x500.jpg","tpaClVsHMGbL+etXSq4t+Q==":"geoline%20logo-1000x1000.jpg","NQUeMCFMlImtZKjv4hIZHw==":"geodry-400x400.jpg","mcnVzERF/pV3eXf5T3tMCA==":"wika%20a10-1000x1000.jpg","YCp0pRtOrRK68YHO7JAVnQ==":"pony%20flow%205-500x500.jpg","mTpLiXVn2SbJP4Ul9uGZmA==":"igus%20logo-5000x5000.jpg"}